filename, Dense, Fatty, Glandular
mdb076_png.rf.00feb7de2ba42f34573d7a631980669f.jpg, 0, 1, 0
mdb310_png.rf.02530adb7fbdf72951f215d027e8587d.jpg, 0, 1, 0
mdb174_png.rf.055f1b37dea0ea77d0fe1f64e4b553a0.jpg, 0, 1, 0
mdb267_png.rf.00f0dbe76f110cbff75c5be47e03b6a0.jpg, 0, 1, 0
mdb047_png.rf.04924e50c152bca153b2764ee3e37119.jpg, 0, 0, 1
mdb070_png.rf.05359feeeb83e5221945009d1819e81e.jpg, 0, 1, 0
mdb234_png.rf.023999436a796e60d7642134c825eed0.jpg, 0, 0, 1
mdb113_png.rf.06d9754445d7ab01abf139579efab5a0.jpg, 0, 0, 1
mdb153_png.rf.00061f5c35278db13f4aefe782d2121c.jpg, 0, 1, 0
mdb295_png.rf.01422d2942b1d9e9bee40c12753a56cb.jpg, 1, 0, 0
mdb193_png.rf.066349fc97588aa3dfaac33eb88178ea.jpg, 1, 0, 0
mdb074_png.rf.00564690ea195121cdd485687d847598.jpg, 0, 0, 1
mdb256_png.rf.06ae673a7a8992e231a5ea1e7e0e81fe.jpg, 0, 1, 0
mdb065_png.rf.07ba545c88a7e6cc16ef88be817ec9cf.jpg, 1, 0, 0
mdb156_png.rf.072a7b4e4942ec18efee2e26d3a66a1e.jpg, 0, 1, 0
mdb061_png.rf.0539daa7ab5446f0bb7a910b31a1ed45.jpg, 1, 0, 0
mdb271_png.rf.04dc5eda2b3fe9b7e5eb6c64655aba6f.jpg, 0, 1, 0
mdb204_png.rf.075fefd712efeed1eeb8a06c5488b117.jpg, 0, 1, 0
mdb001_png.rf.057ae21debebbec61597bc6add908859.jpg, 0, 0, 1
mdb319_png.rf.0602efa300b132200e187dbf14f4f960.jpg, 1, 0, 0
mdb319_png.rf.08bd681ace59bb63125802c451da6d9a.jpg, 1, 0, 0
mdb208_png.rf.070e7cf9056b9776d5c52cd2cc5fe2c3.jpg, 1, 0, 0
mdb108_png.rf.091c72f8e08dee3ddd31381df841cc95.jpg, 1, 0, 0
mdb110_png.rf.08bf4432434f946ff0380cc13c7736f2.jpg, 1, 0, 0
mdb317_png.rf.0489916d2e1cee78802d7067708e910b.jpg, 1, 0, 0
mdb028_png.rf.096d880dee4ffe3e5d2ba8e7ba2bd7a7.jpg, 0, 1, 0
mdb265_png.rf.0996417dbf8d61c07f8b9bb6bb234ecd.jpg, 0, 0, 1
mdb142_png.rf.09c419ff92d06a4b56f17e4f0bec8de8.jpg, 0, 1, 0
mdb296_png.rf.0833ca37a68f1a753a25bd9f8aa2b66c.jpg, 1, 0, 0
mdb316_png.rf.048ab5d1b9171328e749140ae509a38d.jpg, 1, 0, 0
mdb088_png.rf.0b794c3003ca915fa95cce22ec58f8be.jpg, 0, 1, 0
mdb189_png.rf.062fcc5d56e6bec66dfe3b8c5b1d8d90.jpg, 0, 0, 1
mdb091_png.rf.09ff40a13d68b380962ab58d08d23a15.jpg, 0, 1, 0
mdb095_png.rf.0992c5aa69b0cb1d9a6966893e84d93b.jpg, 0, 1, 0
mdb316_png.rf.0ad94f5b5e209723a134b05ba11a0acd.jpg, 1, 0, 0
mdb013_png.rf.0d322ed81a852f4fb6fb09490383c599.jpg, 0, 0, 1
mdb086_png.rf.0a34dc7c5a0e5a939f7f4ec1649cd222.jpg, 0, 0, 1
mdb086_png.rf.0aa9dab5e4173a35d8d2cbe83f5e8519.jpg, 0, 0, 1
mdb214_png.rf.0d16146ec5803640f2966cf6dcf9661d.jpg, 0, 0, 1
mdb111_png.rf.0b2d25a471d106f004cf9de7003d393e.jpg, 1, 0, 0
mdb149_png.rf.0b70e667886db1016d35b5dd40623d21.jpg, 0, 1, 0
mdb010_png.rf.0c25fd086dc0791b0b400785a64ca80f.jpg, 0, 1, 0
mdb181_png.rf.0a5d7cfc7b7d5208659a0f7d63b7f30c.jpg, 0, 0, 1
mdb031_png.rf.0d85127b83e8026c64cae76f0b39e7fe.jpg, 0, 0, 1
mdb282_png.rf.0deca27acd49cbb30cf6a293584f3120.jpg, 1, 0, 0
mdb039_png.rf.0dffa8400ccdcc58f02e1aa58bf6f2a5.jpg, 1, 0, 0
mdb266_png.rf.0c5c195a8bf5a6bd64b04dfcf4445fd9.jpg, 0, 0, 1
mdb061_png.rf.0e794350f73a6663a10bc23cd1530d2d.jpg, 1, 0, 0
mdb090_png.rf.0c5e9baaf4184ba68479fbffe612e0cb.jpg, 0, 0, 1
mdb288_png.rf.0f1fc5956889b946b26bb59146cc7d3f.jpg, 1, 0, 0
mdb098_png.rf.0d32c407f2e7e5a65cf831ae06583def.jpg, 0, 1, 0
mdb292_png.rf.0eed5a3099b8a7315a4051ab13a10ee0.jpg, 0, 0, 1
mdb214_png.rf.0fe6c1d0af7801b52b614a34b1d82c97.jpg, 0, 0, 1
mdb140_png.rf.10002b6c5c7b8bea42d110239177cc1f.jpg, 0, 1, 0
mdb280_png.rf.1033f00b2ba600ba5a5fc3e37e55fd40.jpg, 0, 0, 1
mdb113_png.rf.0ffe1b364533f027c4a829339fc22183.jpg, 0, 0, 1
mdb025_png.rf.0ee1dce08532eb22b61dd6862c36f015.jpg, 0, 1, 0
mdb223_png.rf.117b82722575895597db0252414bab4e.jpg, 1, 0, 0
mdb310_png.rf.11e14474ab96f356df4cfb084696c713.jpg, 0, 1, 0
mdb271_png.rf.0edfb4cd67c33349f2ee1e4a36bca37f.jpg, 0, 1, 0
mdb068_png.rf.12857dafc5ae3b5897ab737d64c7b2d8.jpg, 1, 0, 0
mdb029_png.rf.159eecb120008065c71a0700d97508e8.jpg, 0, 0, 1
mdb171_png.rf.14792aed0d3fbe5c85570a6311a94f52.jpg, 1, 0, 0
mdb177_png.rf.12c03073d33be50f5c7bf5d49ca4f6ac.jpg, 0, 0, 1
mdb021_png.rf.187c642fbe8a90e4960285afbc6c26f4.jpg, 0, 0, 1
mdb196_png.rf.1050d70741d91feb9c82880974d58efd.jpg, 0, 1, 0
mdb119_png.rf.107e354a42aea03e40e60750703588d1.jpg, 0, 0, 1
mdb320_png.rf.1356bcc99c86ea590c81ab85c40ea668.jpg, 1, 0, 0
mdb049_png.rf.14d51c5f8cb51a04179c2f2fddb53cbd.jpg, 0, 0, 1
mdb152_png.rf.14cbf64c94a80092a4bb778147688bce.jpg, 0, 1, 0
mdb032_png.rf.14c5db83638c4d5a54575cd0222b1279.jpg, 0, 0, 1
mdb061_png.rf.18d6ae238155ff7ea24a523ca1bc73e4.jpg, 1, 0, 0
mdb019_png.rf.14ee33b3f2fbce036d4ae2a2242b6b57.jpg, 0, 0, 1
mdb007_png.rf.18f8385c04cfcafaf6acaa421fe94fed.jpg, 0, 0, 1
mdb216_png.rf.1bcf2d8ff99b415af59d6a25607851d5.jpg, 1, 0, 0
mdb313_png.rf.13a1ab01d644e425c5a03b1233779465.jpg, 0, 1, 0
mdb203_png.rf.177ecd31263a9e4844002569e38160a9.jpg, 0, 1, 0
mdb262_png.rf.1a0e8d372d5c70a9bea6ca50831c77fe.jpg, 1, 0, 0
mdb097_png.rf.19666ef8d1ffc91e044f4bbb928abc54.jpg, 0, 1, 0
mdb069_png.rf.20ea25b1d479f8b271b9bda99130bfbb.jpg, 0, 1, 0
mdb138_png.rf.1d721af21986bb8949f3d35d60dce26d.jpg, 1, 0, 0
mdb225_png.rf.1efde6e91db6a5cf9c1c210c2a2cc096.jpg, 1, 0, 0
mdb167_png.rf.1e591bf849d252554b2df0984fd5b1e0.jpg, 0, 1, 0
mdb123_png.rf.1aabc189422f68f915bea0bd2e35e1be.jpg, 0, 0, 1
mdb091_png.rf.195c927750556e1c94de2842df057311.jpg, 0, 1, 0
mdb245_png.rf.159c65d8aa5fbb70ac87c5911bafeb1f.jpg, 0, 1, 0
mdb203_png.rf.1bd487c6739a42f5ce8060213552b2c2.jpg, 0, 1, 0
mdb008_png.rf.1253cd8ce0b6657c8acbcd8318e58fa8.jpg, 0, 0, 1
mdb129_png.rf.246f7cb420a3c043473fabd00a44f455.jpg, 1, 0, 0
mdb185_png.rf.21806e95a71655536081c95743e6db25.jpg, 0, 0, 1
mdb172_png.rf.2238f845319451e6354e4736c22651fb.jpg, 1, 0, 0
mdb069_png.rf.20fd1b6e3018bb030f794f1015f7817d.jpg, 0, 1, 0
mdb296_png.rf.208cccd7feb6abcf6ea045c2ce90a0da.jpg, 1, 0, 0
mdb053_png.rf.2438f92005d1bd9a5e3e7198faee6137.jpg, 1, 0, 0
mdb007_png.rf.2475d50496b8e644367e28099627e673.jpg, 0, 0, 1
mdb155_png.rf.2108ee7adc44a9fceffbd8aee6a0b381.jpg, 0, 1, 0
mdb165_png.rf.12e1e435a0b60806908b3741243156a6.jpg, 1, 0, 0
mdb031_png.rf.1f3ec620fda756daae8dfda3e3c1a50b.jpg, 0, 0, 1
mdb078_png.rf.1c2ae6f24627b92ef6345c90c49ae731.jpg, 0, 1, 0
mdb315_png.rf.21711e1e146661a2ce223ba2ebbd974e.jpg, 1, 0, 0
mdb215_png.rf.251895c8d3b51f921d075ce8b92bba45.jpg, 1, 0, 0
mdb165_png.rf.2a74dc7ef69c853819716d9fecde6ae7.jpg, 1, 0, 0
mdb263_png.rf.2ba23c152a97f0b7558f9b22ad1fe2cd.jpg, 0, 0, 1
mdb078_png.rf.2701e7661dab0b291cf6817792711660.jpg, 0, 1, 0
mdb292_png.rf.2af0325207e6cb886c3b185b5f2b36ed.jpg, 0, 0, 1
mdb277_png.rf.2aa9965b86e0accca2f2fa97ee0a14d6.jpg, 0, 0, 1
mdb294_png.rf.25d2b83a21fd1d0c57255441156fd2a7.jpg, 0, 1, 0
mdb248_png.rf.25f452c7a94b3793d7697458f19b2d8c.jpg, 0, 1, 0
mdb179_png.rf.2d1ce68668b838f31747288e8af55eec.jpg, 1, 0, 0
mdb143_png.rf.2d71a9c49902c8f309e622adaf4b4aab.jpg, 0, 1, 0
mdb057_png.rf.2b22416cc485ecf23c60ecadc23cc747.jpg, 1, 0, 0
mdb293_png.rf.2c520689144abd7de334227459b129f3.jpg, 0, 1, 0
mdb267_png.rf.2755791d390a5f8d72dd352a505d5877.jpg, 0, 1, 0
mdb195_png.rf.2baca0ea4251e930c2247a20eb716963.jpg, 0, 1, 0
mdb116_png.rf.33a5da012463728bcfc47df44551f27d.jpg, 0, 0, 1
mdb067_png.rf.344f47200d5a1b93991294f7bb5de05d.jpg, 1, 0, 0
mdb055_png.rf.2590d3671efdc013d2b6ce3764a049f2.jpg, 0, 0, 1
mdb043_png.rf.2bcee07cd84b642d00bb52d834ab0c2f.jpg, 0, 0, 1
mdb231_png.rf.34d2aaf1cc75b67eefc9f80f560267de.jpg, 0, 1, 0
mdb134_png.rf.2e20786ebebd95e29c8d3f38b5ef56a8.jpg, 0, 1, 0
mdb289_png.rf.33d3b94933605608df1bb9b028fa53d6.jpg, 1, 0, 0
mdb270_png.rf.345c8aea369555206fe02b2fccfe6f0c.jpg, 0, 0, 1
mdb137_png.rf.3452bea141e252c9263a74bf9b75682e.jpg, 1, 0, 0
mdb299_png.rf.3182e32130620088f34759e31a263c8c.jpg, 0, 1, 0
mdb057_png.rf.35b92c804dc5111ff7481631863c3307.jpg, 1, 0, 0
mdb228_png.rf.331635cf6f05b6983fea4b1f596d33d1.jpg, 0, 0, 1
mdb111_png.rf.34dd714495d2d418c4a9ae4dfd7656e1.jpg, 1, 0, 0
mdb217_png.rf.363aee83e69865965298d6d5ef85dcce.jpg, 0, 0, 1
mdb176_png.rf.36712dd0ffe19636a605c9ac14b5bcd7.jpg, 0, 0, 1
mdb214_png.rf.375037027a125272c185aca4131f5e98.jpg, 0, 0, 1
mdb234_png.rf.31d5915f482fd2108c43836deb1e9e02.jpg, 0, 0, 1
mdb185_png.rf.35cc9beab3dae67c682346bafa225c97.jpg, 0, 0, 1
mdb305_png.rf.2f6f1d5d1105cc35c61a4e441bb72179.jpg, 0, 1, 0
mdb045_png.rf.38dc2883df6f7d7c78ccb06500663dad.jpg, 0, 0, 1
mdb194_png.rf.3867d2baa6869f7044a0a9535081c8f0.jpg, 1, 0, 0
mdb215_png.rf.362a9c7ef6cd8616375df02c82cab67e.jpg, 1, 0, 0
mdb280_png.rf.3b25a86cdb6987f52950a1f719284c2d.jpg, 0, 0, 1
mdb322_png.rf.3b0cb859f9e6af14076838ca8a695057.jpg, 1, 0, 0
mdb317_png.rf.3bc08b87c150465f6de54ecdaa138915.jpg, 1, 0, 0
mdb110_png.rf.3adafea04156be16984f40876b89c209.jpg, 1, 0, 0
mdb038_png.rf.384243e000695a18ec68f7e76263d90d.jpg, 1, 0, 0
mdb284_png.rf.3a811e37be14eb5270a705ae840ee862.jpg, 1, 0, 0
mdb003_png.rf.3cdf273a77a1f2283558396ec8fbd93d.jpg, 1, 0, 0
mdb127_png.rf.3bbc6ba34a26e73046061dc84848ec78.jpg, 0, 0, 1
mdb076_png.rf.3db8ff1facbe78030383c6dd72e69819.jpg, 0, 1, 0
mdb234_png.rf.3d727da87646265ebdd1bfd3256c2a5e.jpg, 0, 0, 1
mdb219_png.rf.3aea845bd2e7942453bd72b226b22420.jpg, 0, 0, 1
mdb099_png.rf.40db877b59a2203a98e2b11e8246412c.jpg, 1, 0, 0
mdb300_png.rf.39351133099e5321a7026d283eef821f.jpg, 0, 1, 0
mdb161_png.rf.3dcaa353a7b57a48cefbf781acaa3c4d.jpg, 1, 0, 0
mdb227_png.rf.3fe337ccdfa4ac0c75556b4fc6701de2.jpg, 0, 0, 1
mdb034_png.rf.40b870d22879694f01d873b50bffc502.jpg, 1, 0, 0
mdb179_png.rf.3e2c189d223d4b6b645717c7d4001f08.jpg, 1, 0, 0
mdb090_png.rf.3ba94acf95ee57fef61bf6d8afe354d7.jpg, 0, 0, 1
mdb145_png.rf.417d35ad96e2c2c21424a2ba1fe990d4.jpg, 1, 0, 0
mdb317_png.rf.3bbe47b84068f59a8761744996795025.jpg, 1, 0, 0
mdb198_png.rf.3cf5e506e128cc220116ca2986bb7e12.jpg, 1, 0, 0
mdb122_png.rf.3e2c1991ea188369d0caf3e793d7ab55.jpg, 0, 0, 1
mdb236_png.rf.42f70b6a9c177901a92c5c9528c8c242.jpg, 1, 0, 0
mdb162_png.rf.4131d2480bac5e12c45583f56c49039e.jpg, 1, 0, 0
mdb303_png.rf.446c487edba095a56ccd25a40d6123ee.jpg, 0, 1, 0
mdb035_png.rf.45681c1ebb8feed9e0256bf7c72bd999.jpg, 1, 0, 0
mdb207_png.rf.3f20c62c74c844df2cb673b0843cd10c.jpg, 1, 0, 0
mdb231_png.rf.4357c1658f8b8e9f2e768b7f8248f4ee.jpg, 0, 1, 0
mdb296_png.rf.45bde257028994016b90942261e72a74.jpg, 1, 0, 0
mdb253_png.rf.4901575d4f298e6e66656a85a239b6dc.jpg, 1, 0, 0
mdb096_png.rf.47f46fad3ca7abc4fc3892ff748c383c.jpg, 0, 1, 0
mdb213_png.rf.47724247d011cf804b601a73c6b86226.jpg, 0, 0, 1
mdb178_png.rf.487f713c6e5f5a011b299f973fb5077c.jpg, 0, 0, 1
mdb116_png.rf.4968ff445f2ec2cf7424c9f0d4bc82ca.jpg, 0, 0, 1
mdb309_png.rf.41bedc85702f47a49abe29a9483f6db2.jpg, 0, 1, 0
mdb247_png.rf.410bb08ca801ddcfdf280f10ff70df48.jpg, 0, 1, 0
mdb014_png.rf.49a9ddfd5d2c20f92a4197251e604b83.jpg, 0, 0, 1
mdb130_png.rf.49aa038d4894eab2411e2a5a4b43a9e4.jpg, 1, 0, 0
mdb152_png.rf.4a94c71f4eac528aa87cda11e466391a.jpg, 0, 1, 0
mdb310_png.rf.49eca787e5b7b254f2a67645b4722337.jpg, 0, 1, 0
mdb004_png.rf.49b3a4dd968b3091b9bdeb11f01847a8.jpg, 1, 0, 0
mdb228_png.rf.401960a28835e28c7d02fbba7b8eacdd.jpg, 0, 0, 1
mdb036_png.rf.47559bf1c0588b461a34f3265fecc5f7.jpg, 1, 0, 0
mdb225_png.rf.4a1def58fa310ed1f1f9c28c83a9fade.jpg, 1, 0, 0
mdb270_png.rf.49609a5ef3abd56a92055d353c07f4b7.jpg, 0, 0, 1
mdb092_png.rf.494f1088a6d8d14cee8f21f6675dae43.jpg, 0, 1, 0
mdb155_png.rf.499cd0c80c6ffb408afe7af1197f07c2.jpg, 0, 1, 0
mdb170_png.rf.49e34999b3c12d016f9e4b96daac6b53.jpg, 1, 0, 0
mdb318_png.rf.4372766d318f8f4acdb25ea40dcd0ba4.jpg, 1, 0, 0
mdb108_png.rf.4b46a3a6064806ab96eee8a28ff85f33.jpg, 1, 0, 0
mdb253_png.rf.4ccaa9347c45bb11204ffbc9fbfc9eb8.jpg, 1, 0, 0
mdb001_png.rf.4ab988314ece0956735e08f0f23fe6c7.jpg, 0, 0, 1
mdb232_png.rf.4d0c85c4de3427ffbca49360b5e0ff5d.jpg, 0, 1, 0
mdb128_png.rf.4b49c1cd2485005e5267d12ce85e93a5.jpg, 0, 0, 1
mdb171_png.rf.4a13450235999d7cc6c5abfbe7ec771d.jpg, 1, 0, 0
mdb009_png.rf.4639e28ef7c60af4c3862b6754717d8a.jpg, 0, 1, 0
mdb120_png.rf.4db2702f6d814a5b40357979afdc207c.jpg, 0, 0, 1
mdb203_png.rf.4e8f5949d06b3cd037e460c4c3fcd744.jpg, 0, 1, 0
mdb173_png.rf.4e475bb432fdbeed7165e3c7e01450c6.jpg, 0, 1, 0
mdb017_png.rf.501254ee29a850b2a927f41ad9e789e0.jpg, 0, 0, 1
mdb303_png.rf.4fc01c15cf059d3d559f036bf3becd00.jpg, 0, 1, 0
mdb180_png.rf.4eccdb6a3687bf3e8c981d4a45de2557.jpg, 1, 0, 0
mdb183_png.rf.4ec777ca0f1fb35748b085e198888acb.jpg, 0, 1, 0
mdb107_png.rf.50687cfa17b5aeeab84e12b1027d99f0.jpg, 1, 0, 0
mdb003_png.rf.4e8586851f47ae67e7eb9101dd1dc37c.jpg, 1, 0, 0
mdb227_png.rf.b0e92b945652a9dfb0d2336ccb617aca.jpg, 0, 0, 1
mdb113_png.rf.b13903cd41474f30a621383d3da8b0d8.jpg, 0, 0, 1
mdb242_png.rf.b3ea00dbfddadc5e95056a7bdc79a2ed.jpg, 1, 0, 0
mdb283_png.rf.b40424fb5451f2a251c08d3cc63cf6e5.jpg, 1, 0, 0
mdb043_png.rf.afe90cf1b0fc8eb26093e3ef7ac08510.jpg, 0, 0, 1
mdb127_png.rf.b27a440a373c1706d1865e4a492d847a.jpg, 0, 0, 1
mdb259_png.rf.b0fc373ac48f8ba07b44393e4bbf5f24.jpg, 1, 0, 0
mdb285_png.rf.b4c697c5c96e172960c5d31e3eb49d35.jpg, 1, 0, 0
mdb189_png.rf.b4dffc2910c4d538bcf5e82223b4938a.jpg, 0, 0, 1
mdb025_png.rf.b2ce33fcc6ca55c02fadab9c55529cfa.jpg, 0, 1, 0
mdb073_png.rf.b49567f30954b66af8b3793a9668afee.jpg, 0, 0, 1
mdb055_png.rf.b1e3d86a7efbfa11bb4c4db7fc701f11.jpg, 0, 0, 1
mdb282_png.rf.aee896a75a37cb3be987343ea8c43699.jpg, 1, 0, 0
mdb248_png.rf.b2c515ce7feb1f03d85b227e6c03ae8c.jpg, 0, 1, 0
mdb137_png.rf.b3a12c89bd825ac3923b1c37342440f8.jpg, 1, 0, 0
mdb176_png.rf.ad684541f8b3f632852c5cfc4e634db6.jpg, 0, 0, 1
mdb088_png.rf.afa8d326ed6e7812ae984c92cba9a5b4.jpg, 0, 1, 0
mdb292_png.rf.b3a12a6a3fe2dc052894d30d9d1c7d41.jpg, 0, 0, 1
mdb160_png.rf.b30d9beb6259589fb2273f8301e6d8e0.jpg, 0, 1, 0
mdb018_png.rf.b161b26ca23a4a72f70390456c497383.jpg, 0, 0, 1
mdb106_png.rf.b2f1d9a8f3eec05dd4fc417bdeba823f.jpg, 1, 0, 0
mdb156_png.rf.ae877682efe8ebc7ad1a63b70cf0c257.jpg, 0, 1, 0
mdb080_png.rf.b656fc5d9fb160f4de1dd096d14631a2.jpg, 0, 1, 0
mdb037_png.rf.b58333308157564b7794508e4cfae578.jpg, 1, 0, 0
mdb311_png.rf.b984c04ef9e59706aaafe05b6ef5e267.jpg, 0, 1, 0
mdb083_png.rf.ae4c9f5025bda0e06cd11b0073fd50d4.jpg, 0, 0, 1
mdb108_png.rf.b598e07e4558ca46574a9ec15d76afc1.jpg, 1, 0, 0
mdb143_png.rf.b5c6f7325489429a8024a214745581ba.jpg, 0, 1, 0
mdb073_png.rf.b77e947c0ff56a6807abb1e8101f4445.jpg, 0, 0, 1
mdb193_png.rf.b98faf84a02a663b0ce3a6820aff5118.jpg, 1, 0, 0
mdb037_png.rf.bc4b3a9d747e4a19cd3068e4e106c1d6.jpg, 1, 0, 0
mdb299_png.rf.bb0c534a923440dcb3749bb4be547c0e.jpg, 0, 1, 0
mdb194_png.rf.bb4d30d8131edadaf38cb4332775a942.jpg, 1, 0, 0
mdb097_png.rf.b643d1991e04b87842feff673ca250ee.jpg, 0, 1, 0
mdb158_png.rf.b9e6b8b88ccb044e2361f46d772ec56a.jpg, 0, 1, 0
mdb315_png.rf.b6873b7afb25a4d0e0c856d7d145be31.jpg, 1, 0, 0
mdb285_png.rf.ba96a5268cbb6ab99797ffa9bd7131c4.jpg, 1, 0, 0
mdb004_png.rf.b1329be8f062cfb596413a7aad3b2c9c.jpg, 1, 0, 0
mdb184_png.rf.bdc98b46d889ddb9f55e1920a6e36705.jpg, 0, 1, 0
mdb189_png.rf.b718a8bde71e20d8d8c40a32059cb41d.jpg, 0, 0, 1
mdb120_png.rf.bd97a4b8eae5d71b789d90a7a0bd28fa.jpg, 0, 0, 1
mdb063_png.rf.bde4080fbf0aeee6668348c78f62f8f9.jpg, 1, 0, 0
mdb106_png.rf.be3e629715041654149e22377b790ffb.jpg, 1, 0, 0
mdb138_png.rf.bd6746ab7778ab3ff9ef997cc9ad01fa.jpg, 1, 0, 0
mdb178_png.rf.bd5efc922f70511f43e079c41acff393.jpg, 0, 0, 1
mdb122_png.rf.bd4be5ff8d7906d09c3e928c5e71f260.jpg, 0, 0, 1
mdb045_png.rf.bdf8068c116e5196896f0475845b3c09.jpg, 0, 0, 1
mdb107_png.rf.bfb5a72fade1e64f2486e4cff6f07008.jpg, 1, 0, 0
mdb028_png.rf.c1e4c56394516f8dc174342ee62648c0.jpg, 0, 1, 0
mdb242_png.rf.c07002d955c613a00a0874c8ca61425b.jpg, 1, 0, 0
mdb129_png.rf.c124a802d34d970a69b5eb18e7a8036e.jpg, 1, 0, 0
mdb105_png.rf.c196596fd0cb99ec6fb7cc7812275745.jpg, 1, 0, 0
mdb313_png.rf.c2f28ddc75412f1bf027cde15d1bf222.jpg, 0, 1, 0
mdb009_png.rf.c3ebc14c28cfef6402510fe584360e1e.jpg, 0, 1, 0
mdb105_png.rf.c3e0195a63278ca0cd9432b92fa2ee7f.jpg, 1, 0, 0
mdb192_png.rf.c1e3c3277e61f63b55a3a88d1cd7ca38.jpg, 0, 0, 1
mdb277_png.rf.c4f93d4230a259c524293423956c01f3.jpg, 0, 0, 1
mdb255_png.rf.c3b00fea0037d3108b26e24057da378f.jpg, 0, 1, 0
mdb223_png.rf.c0a6e63db73cdad3afbc197d13ba126a.jpg, 1, 0, 0
mdb312_png.rf.c1c146abdb9384ae88514022c6543369.jpg, 0, 1, 0
mdb307_png.rf.c34ee75d75c4521fcf6e8b01f1ac1813.jpg, 0, 1, 0
mdb110_png.rf.c3fde44dfc3482a971985ea82ee7078f.jpg, 1, 0, 0
mdb041_png.rf.c46d8ce87bfe8e1236e4031ef51e16a6.jpg, 0, 0, 1
mdb174_png.rf.c16861e7f57c53436668c27f3237e507.jpg, 0, 1, 0
mdb125_png.rf.c28b698d6dfcf30536c08131f51113fc.jpg, 1, 0, 0
mdb088_png.rf.c6f99f82773f45dee484a190ab739fa4.jpg, 0, 1, 0
mdb030_png.rf.c7005c6b7937cc770edd7d56acb375ac.jpg, 0, 0, 1
mdb125_png.rf.b99dfec9aee1e00de9e2d21fb86092bb.jpg, 1, 0, 0
mdb096_png.rf.c6ce479cc8817f1d58c6bfd889238424.jpg, 0, 1, 0
mdb300_png.rf.c018df693c682faa622d909142ad6b6b.jpg, 0, 1, 0
mdb114_png.rf.c908d9c91687da3ef1de4301b8ba6da6.jpg, 0, 0, 1
mdb133_png.rf.c09516a08e0448db9c2628b90058903d.jpg, 0, 1, 0
mdb275_png.rf.c580f063a9b8b8671001a6220a1644e4.jpg, 0, 0, 1
mdb164_png.rf.cab36be5559172e4233c171800ad208a.jpg, 1, 0, 0
mdb269_png.rf.c9b4f042ae1ebf3f1939ff3f802a3d84.jpg, 0, 0, 1
mdb047_png.rf.cb2c6e209057157fc29b821b77987ef2.jpg, 0, 0, 1
mdb245_png.rf.cae4fbb1f664facf2b1a4007fb584750.jpg, 0, 1, 0
mdb133_png.rf.cb7c44c9095497fd9222cfb9f0636908.jpg, 0, 1, 0
mdb130_png.rf.ca06791b9cccf9528834c9d9a125a9d7.jpg, 1, 0, 0
mdb065_png.rf.cb314a815d94ab9121b7aa62d36d34f8.jpg, 1, 0, 0
mdb049_png.rf.c73e25137fbccbcac92e258d517c52ca.jpg, 0, 0, 1
mdb145_png.rf.cb70e63aaa6b2ad0632cd9dd5c0ce352.jpg, 1, 0, 0
mdb074_png.rf.ca302dba3b4d86a388ccc06de0d4cdf4.jpg, 0, 0, 1
mdb020_png.rf.c9f89969aa166d6f526d9ae67f858466.jpg, 0, 0, 1
mdb013_png.rf.c9370cba648f11bb3fe3b80430b0782e.jpg, 0, 0, 1
mdb314_png.rf.c8a34b2bd2637b77f206e9fbe4a6e014.jpg, 0, 1, 0
mdb295_png.rf.ca05a728c2fa53b6a46c6e357c06f37b.jpg, 1, 0, 0
mdb259_png.rf.cac875edc20ac4153778da09f2b10aa3.jpg, 1, 0, 0
mdb034_png.rf.cb26177da092d1ad26941db848ea70d2.jpg, 1, 0, 0
mdb006_png.rf.c93a9d323fc1387475b6ee87f44b0e7d.jpg, 0, 1, 0
mdb140_png.rf.c7320fade455db831c49284e626b3e13.jpg, 0, 1, 0
mdb290_png.rf.cbd20efa9710d4719ef922f98d1bc786.jpg, 1, 0, 0
mdb173_png.rf.c85567a26cc6a15a0491a70313982769.jpg, 0, 1, 0
mdb080_png.rf.ccd6bbf21316b1ced683b512b2d58fe4.jpg, 0, 1, 0
mdb263_png.rf.cb83b149655de06d2a97a7b19596d5f8.jpg, 0, 0, 1
mdb181_png.rf.ce232da4558343c4f7b4ca3c22a7f895.jpg, 0, 0, 1
mdb316_png.rf.cc33ec48087e976a152e6611b21a3dd6.jpg, 1, 0, 0
mdb232_png.rf.cd21bd3a3e29bb4cf5b831e950f84255.jpg, 0, 1, 0
mdb045_png.rf.cb96385f3c91e04b0a38f41835858770.jpg, 0, 0, 1
mdb247_png.rf.ccfee1ee4d74b2380447de80949f3f45.jpg, 0, 1, 0
mdb186_png.rf.cd3b55bab0819ae9af1938de7f25abbd.jpg, 0, 0, 1
mdb312_png.rf.cebc257305490665820e4f3d04a4e6d4.jpg, 0, 1, 0
mdb225_png.rf.cd7e2272e6085bff964913c9a38cca83.jpg, 1, 0, 0
mdb011_png.rf.d03dc08f61fa788c85a0f299368a94b1.jpg, 0, 1, 0
mdb145_png.rf.ce362105098460e09f90042e9b079eca.jpg, 1, 0, 0
mdb243_png.rf.d4647b41b3ef74805f28aa35c35e8f7e.jpg, 1, 0, 0
mdb166_png.rf.cda3534d8595079e692129bfa2317bbd.jpg, 1, 0, 0
mdb245_png.rf.ce18ac0c16abf1a3c1873206768ca8e7.jpg, 0, 1, 0
mdb232_png.rf.d174c956408f45ed7afca82d02f434d2.jpg, 0, 1, 0
mdb158_png.rf.d0b6239492fa8d479dbc0d1779120d19.jpg, 0, 1, 0
mdb236_png.rf.cdf89c415cd3c639b40d69288d8b1215.jpg, 1, 0, 0
mdb180_png.rf.ce7b1d63f2873e51577696c8113c8d3a.jpg, 1, 0, 0
mdb025_png.rf.d471be82cd31840cf5ea43201ab82220.jpg, 0, 1, 0
mdb083_png.rf.cb058a8c9a2ff848f95bc0ae2bf75754.jpg, 0, 0, 1
mdb135_png.rf.d0a82afb15843a3a4318c83f9c445133.jpg, 0, 1, 0
mdb209_png.rf.d1bd51eba4e1079c856fbfc818946b0d.jpg, 0, 0, 1
mdb075_png.rf.d256526bc42663cd8bc76acc0b9b7931.jpg, 0, 1, 0
mdb299_png.rf.d5587383d67945ee4f2a644775a4e570.jpg, 0, 1, 0
mdb086_png.rf.d5b27f0f535a924d9233b81ceceb55ac.jpg, 0, 0, 1
mdb293_png.rf.d33dea465be9cb3c17c4c44dc50f9759.jpg, 0, 1, 0
mdb204_png.rf.d481e0ef940139352cc70a04134dcbd1.jpg, 0, 1, 0
mdb152_png.rf.cf1ad7da20b6a90c72cde7376be33839.jpg, 0, 1, 0
mdb034_png.rf.d863b40ef617cd44a1609abd922774c1.jpg, 1, 0, 0
mdb091_png.rf.d8b4902daeba82b3ee71befccd8a0a06.jpg, 0, 1, 0
mdb227_png.rf.d94c84ba44f44baa794959398b7dfdc8.jpg, 0, 0, 1
mdb122_png.rf.d8d9aeab2d1d0f7b6d5b05fa7682d500.jpg, 0, 0, 1
mdb140_png.rf.d658977a1dcb84c5c09e30fecec80006.jpg, 0, 1, 0
mdb184_png.rf.d99ea7c8403b45fd24e78650c78c1a4b.jpg, 0, 1, 0
mdb319_png.rf.d70196b16fcb09425f5c59914e39bebe.jpg, 1, 0, 0
mdb279_png.rf.dfae15ebfb4400772bbec1d630d31cc5.jpg, 0, 0, 1
mdb105_png.rf.d8909357ab37faaef05189e438fd2c4b.jpg, 1, 0, 0
mdb226_png.rf.e2125df51d615a53243fb7eaf506183d.jpg, 1, 0, 0
mdb276_png.rf.d9f4527083701a1d02db74b282f74c0b.jpg, 0, 0, 1
mdb273_png.rf.dba4ec45edbd960e583c3f2993a8405f.jpg, 0, 1, 0
mdb096_png.rf.e23e0133937ca1008af14aaa2e3a50d7.jpg, 0, 1, 0
mdb068_png.rf.dffa7736d9c163eb300d1f442690f031.jpg, 1, 0, 0
mdb265_png.rf.db9e384fa81e17f7298f7b8377f18e6c.jpg, 0, 0, 1
mdb262_png.rf.dfc116f2bdfec9a698852451be7c4f87.jpg, 1, 0, 0
mdb256_png.rf.dff1d0bb234db863d869abc186c655f5.jpg, 0, 1, 0
mdb167_png.rf.e3fcd8ee72a31612c27e30923cbb51ec.jpg, 0, 1, 0
mdb002_png.rf.e0221c5d1cb9d01b1258c4241b724e01.jpg, 0, 0, 1
mdb133_png.rf.e0f1fea3c503163aecae0e9254a4f387.jpg, 0, 1, 0
mdb123_png.rf.e00e7b63dccfde057ad0349e2d115dcb.jpg, 0, 0, 1
mdb098_png.rf.e5071372b637e0b6efb1b30986f5787e.jpg, 0, 1, 0
mdb030_png.rf.dbadd2a14296a74a295120e7c34de3f3.jpg, 0, 0, 1
mdb275_png.rf.e4a71d472eaae127ed66e8443c90808e.jpg, 0, 0, 1
mdb057_png.rf.e39f2df5dfbee55fe2c8ac76abc934c9.jpg, 1, 0, 0
mdb120_png.rf.dcd33593653a11bf53aff85798cff581.jpg, 0, 0, 1
mdb213_png.rf.df9d6ee99f506fb9272da3ef545ea288.jpg, 0, 0, 1
mdb083_png.rf.e1171bae0ad7c2cb84681be9ae846917.jpg, 0, 0, 1
mdb018_png.rf.df782f2c0502aae04019ed39c3991d49.jpg, 0, 0, 1
mdb031_png.rf.e51231ece43b42fc409934e069eadf45.jpg, 0, 0, 1
mdb011_png.rf.e540117a7b278892fdc1d06face94473.jpg, 0, 1, 0
mdb007_png.rf.e614e7b8b8d635ccc5871c5bcf5cd14d.jpg, 0, 0, 1
mdb219_png.rf.e630bb6628aa40e2aa7d2d23044a02ed.jpg, 0, 0, 1
mdb099_png.rf.e56360d4ded0bbd1d937284a09f68c34.jpg, 1, 0, 0
mdb020_png.rf.e5fbe1c31b38869bf55be19aab7321bf.jpg, 0, 0, 1
mdb309_png.rf.e68be1ddbaecb2e10c3330f352d0c751.jpg, 0, 1, 0
mdb275_png.rf.e47b84bdf990957c97d233ebd8f017c1.jpg, 0, 0, 1
mdb179_png.rf.e7d1ab113ac453cad446dbe70821dbd4.jpg, 1, 0, 0
mdb178_png.rf.e7f18f39e24f38cf91297e7a82d98d9d.jpg, 0, 0, 1
mdb128_png.rf.e9800bcfbefb3c9dcb9379fe51571513.jpg, 0, 0, 1
mdb207_png.rf.e9148e239b3d85b3334a481b8ac6fc9f.jpg, 1, 0, 0
mdb248_png.rf.e9af9024d02c37b78421b3cb479317d8.jpg, 0, 1, 0
mdb313_png.rf.e6e9845617a67d44ebd867e00c7f704f.jpg, 0, 1, 0
mdb305_png.rf.e8dd2805c1b97a4607655f93a4988acd.jpg, 0, 1, 0
mdb095_png.rf.e98a1403d12a60ff14e8720df4a94ab1.jpg, 0, 1, 0
mdb138_png.rf.e876823a3af52b0cf9c39d4e429b6d54.jpg, 1, 0, 0
mdb252_png.rf.ebcf246cdb165040395950bb1c543bd6.jpg, 0, 1, 0
mdb243_png.rf.eb2dfdfbbd1e0c5483098c26b7b53356.jpg, 1, 0, 0
mdb082_png.rf.eb7fe97015fbe0fa4d599d1cdfa2b02a.jpg, 0, 0, 1
mdb174_png.rf.e81369c621b9fc4ef9a5302fa1648f57.jpg, 0, 1, 0
mdb209_png.rf.e7162673af81f092388fbe2874ca76e5.jpg, 0, 0, 1
mdb204_png.rf.eddcf15608443cd1bad9dc1b6eb823d2.jpg, 0, 1, 0
mdb170_png.rf.ed9234aa0f3d39dbcbee87f9301d0cdc.jpg, 1, 0, 0
mdb185_png.rf.ee4b1dc339d1e5c413e398258a242a4d.jpg, 0, 0, 1
mdb226_png.rf.e96b59c8865911650582846a14c4af7f.jpg, 1, 0, 0
mdb181_png.rf.eff2354a2cac439b7a87cb65ecf4e0f6.jpg, 0, 0, 1
mdb010_png.rf.e72f6df7007aa1e104aa3012a542f93e.jpg, 0, 1, 0
mdb169_png.rf.ef72872ef68e3558bb5721ff0521bfec.jpg, 1, 0, 0
mdb277_png.rf.eb87f8c698a96dfcd4898bea6a908096.jpg, 0, 0, 1
mdb314_png.rf.ef081ae3546999b35e8e416c922826f2.jpg, 0, 1, 0
mdb158_png.rf.eef1b6979f0d95239319242df1d9b492.jpg, 0, 1, 0
mdb209_png.rf.ea21ad760146974adcc4f19478509d0f.jpg, 0, 0, 1
mdb302_png.rf.ef74d3a63cb9763be8d8e94026498c54.jpg, 0, 1, 0
mdb021_png.rf.f23e544c484c8df1f971743412e3183f.jpg, 0, 0, 1
mdb100_png.rf.f47fa803413b2b06a5731695e18cf3dc.jpg, 1, 0, 0
mdb193_png.rf.f04ebee431ec2a8507456dee694b7c01.jpg, 1, 0, 0
mdb069_png.rf.f02ea9647e58e29721855baece2f2762.jpg, 0, 1, 0
mdb029_png.rf.f12bd6814176aec0455e550e4ad9ffd7.jpg, 0, 0, 1
mdb307_png.rf.f00396bbe82896bdb13410fc922bdabd.jpg, 0, 1, 0
mdb095_png.rf.f76c15989426d9d0bc4cb011d379b378.jpg, 0, 1, 0
mdb289_png.rf.f363f5183931b08dd09b04decc7ce5e3.jpg, 1, 0, 0
mdb003_png.rf.f7498a176aaa1d9d0961af313ebbc8fe.jpg, 1, 0, 0
mdb081_png.rf.f57a28357a689849524392e5a7c35b4c.jpg, 0, 0, 1
mdb076_png.rf.f11c39ed59d2ac53bdc2d6be8d5c9266.jpg, 0, 1, 0
mdb100_png.rf.f6211e8a520a84b079faf3375dcaff23.jpg, 1, 0, 0
mdb211_png.rf.f4f16f977b68ae63a1ee1a87d21a8e7a.jpg, 0, 0, 1
mdb030_png.rf.f48b2a09f2e2279e6ab5222f18ceec33.jpg, 0, 0, 1
mdb153_png.rf.fa74cc81375f15ea092bd3a4cb2ad553.jpg, 0, 1, 0
mdb038_png.rf.f2c7b4641e691d2b8cdfca90de7c0c5a.jpg, 1, 0, 0
mdb020_png.rf.fa2c1b6b3160915d575caa39f02420cc.jpg, 0, 0, 1
mdb267_png.rf.fc2a85c8899d82e4344e9a4e2691059f.jpg, 0, 1, 0
mdb032_png.rf.fb75d765f24c954cd21f89f07cb37060.jpg, 0, 0, 1
mdb164_png.rf.f504db50acec3cec3394bc4f4f62a9d6.jpg, 1, 0, 0
mdb231_png.rf.f7b3b2508b144e6e4caf7a8726571a74.jpg, 0, 1, 0
mdb037_png.rf.fd423fbabe9f0497e22b24bbaa772c11.jpg, 1, 0, 0
mdb321_png.rf.fc4d40e09259bedd20d2179895725284.jpg, 1, 0, 0
mdb014_png.rf.fdbf626fa97b8a087bd557cff1167b9d.jpg, 0, 0, 1
mdb303_png.rf.f7d030831ba107604858619f41663b63.jpg, 0, 1, 0
mdb159_png.rf.fef9dfd9179fcfeb3d4915f82d3692df.jpg, 0, 1, 0
mdb109_png.rf.ffcc10391d7e6b4cfa4e93caeb34f3d3.jpg, 1, 0, 0
mdb246_png.rf.fe269ba4156676934fa68545885fe8d1.jpg, 0, 1, 0
mdb134_png.rf.ff57890a6b7796460589af7cfe9a885d.jpg, 0, 1, 0
mdb270_png.rf.fd47f7ad4d364f57dece01d2d7ef8291.jpg, 0, 0, 1
mdb273_png.rf.fa53a0ffdac18164ab88457864aa7cb7.jpg, 0, 1, 0
mdb036_png.rf.ff0e80736a1e5721d9432ff386c2c5d0.jpg, 1, 0, 0
mdb207_png.rf.ff029310ce9993777b00734993a2d185.jpg, 1, 0, 0
mdb127_png.rf.ffae12ba1ddfbe84012b4e396399d5ae.jpg, 0, 0, 1
mdb184_png.rf.ff7eb0fbedca8924fc38ce394f9813aa.jpg, 0, 1, 0
mdb128_png.rf.f8f71738ac266ee35d910d2d0746e746.jpg, 0, 0, 1
mdb169_png.rf.56db4fe7ad341b11e01b23a6dcce510e.jpg, 1, 0, 0
mdb284_png.rf.56ae0793bda9bd254631e88802ec0f84.jpg, 1, 0, 0
mdb137_png.rf.580e434fb1ddb00695ad12afff46c1f1.jpg, 1, 0, 0
mdb053_png.rf.52276386b924085eb8f613570fd9ec43.jpg, 1, 0, 0
mdb294_png.rf.5adf8fcd112759fed5a3fab8a58c6c48.jpg, 0, 1, 0
mdb195_png.rf.50e78ff6cf9716832eb65d3ac8c7716d.jpg, 0, 1, 0
mdb085_png.rf.5148693b37f9989a9cda5dd0612d6162.jpg, 0, 0, 1
mdb019_png.rf.5dc539d24241bb347fdf7677ad7b0668.jpg, 0, 0, 1
mdb047_png.rf.58933d93c18811a483ed02c580a77ae7.jpg, 0, 0, 1
mdb036_png.rf.5068f3ff696b4be3135c8208e41c4d81.jpg, 1, 0, 0
mdb230_png.rf.5739c370a698182a93a749b356eee8be.jpg, 0, 1, 0
mdb247_png.rf.59b438b22ce0664d087b9fcfd514ebef.jpg, 0, 1, 0
mdb198_png.rf.511e2a4676e4a4dd0097c4e2b22a2064.jpg, 1, 0, 0
mdb200_png.rf.59edae5593473abd05ff82d4f67e9736.jpg, 1, 0, 0
mdb279_png.rf.590f6e74ed76d09fa1aa9bb3474fa48a.jpg, 0, 0, 1
mdb023_png.rf.57aaaa1c9ad2b040414341d3436f8d25.jpg, 0, 0, 1
mdb246_png.rf.5bb17b37f7427a64fc433b71bc5b02e8.jpg, 0, 1, 0
mdb283_png.rf.59c9180ae4cf87f0e8aad49fdcdca27e.jpg, 1, 0, 0
mdb092_png.rf.53a414742920cc0d7f36e57c6cd6da19.jpg, 0, 1, 0
mdb067_png.rf.5e1da5b1ccb624404053bc8eedae13a7.jpg, 1, 0, 0
mdb190_png.rf.55e1eab46c7e3061211509117fdd4623.jpg, 0, 0, 1
mdb032_png.rf.5b2e5f35b0a312b60a5ed1c615f9076f.jpg, 0, 0, 1
mdb033_png.rf.5f648340db34ab07c3637fa85a123f0c.jpg, 1, 0, 0
mdb285_png.rf.57629ce83c3c330045e38c0aea0bfc00.jpg, 1, 0, 0
mdb177_png.rf.57e2c20f3aeb284b0b9e4152711e0e32.jpg, 0, 0, 1
mdb017_png.rf.5ecfafce4542eab1df8f1ab7e86c922e.jpg, 0, 0, 1
mdb085_png.rf.5592db50393d49a9fea6e863b59d8fdf.jpg, 0, 0, 1
mdb129_png.rf.608a29dae0b5c2a23815e11297df2dbd.jpg, 1, 0, 0
mdb211_png.rf.6463bed723744ff679fe44cf8687f2d2.jpg, 0, 0, 1
mdb072_png.rf.5fbb7c90f60d6c00e19895fa07004972.jpg, 0, 0, 1
mdb111_png.rf.6082e069bbd86b2fb31c2d05722d8506.jpg, 1, 0, 0
mdb216_png.rf.5f4c09c088b9df4505d3ed73ef63075f.jpg, 1, 0, 0
mdb180_png.rf.64b9ef85a7144e15846195ad9d9909ab.jpg, 1, 0, 0
mdb213_png.rf.618b9062aea2bdac21485c512161aeb3.jpg, 0, 0, 1
mdb072_png.rf.64e943db4b1de8daa903b5aa07cbc350.jpg, 0, 0, 1
mdb266_png.rf.6316891f4dd108ef3ce0d0aeb21860f6.jpg, 0, 0, 1
mdb255_png.rf.65c98d115ba3446f2286ab4d70587518.jpg, 0, 1, 0
mdb322_png.rf.64c6e2999f8f9c53ed9b5596bef358c8.jpg, 1, 0, 0
mdb199_png.rf.65c94e36f0ea5bf160ebccd7d8a3891d.jpg, 1, 0, 0
mdb283_png.rf.65e2e40e86b79e56f1673ac10cecb789.jpg, 1, 0, 0
mdb097_png.rf.61ec8e43806900805f9654aea89fc5e8.jpg, 0, 1, 0
mdb002_png.rf.6496454e0ed7ea0e1c4b07c7e95665cf.jpg, 0, 0, 1
mdb206_png.rf.64a6a350e2c3d9fbbeb1fef3e00a0863.jpg, 0, 1, 0
mdb291_png.rf.6757663d3425107e26f6102a18284c38.jpg, 0, 0, 1
mdb028_png.rf.675d36545fe8cf09d0d9c105e34e1bc5.jpg, 0, 1, 0
mdb046_png.rf.65fcb653c37d85f368841e88971784eb.jpg, 0, 0, 1
mdb132_png.rf.6770ecd7a0bd96295bbaf6be5d2b4847.jpg, 0, 1, 0
mdb228_png.rf.66803af1917b70750969b38e4f0b7570.jpg, 0, 0, 1
mdb230_png.rf.67b130338e726bc1a687fcae85f9bd20.jpg, 0, 1, 0
mdb322_png.rf.66eff374ff4f68c0d1cfeaccd6592d05.jpg, 1, 0, 0
mdb309_png.rf.6803aaef852b33d0a33b5afffb8e8107.jpg, 0, 1, 0
mdb311_png.rf.68abb645aed9bee8a579983ce13fb6d4.jpg, 0, 1, 0
mdb216_png.rf.6a6d347a0eebb49b83b070064269ed6e.jpg, 1, 0, 0
mdb166_png.rf.6873fca7c7c338bfec5aeaff9dbe073a.jpg, 1, 0, 0
mdb008_png.rf.694bfb435c74966b4b1ff8cf62303cc7.jpg, 0, 0, 1
mdb266_png.rf.6a5b0b8fc282121f6e438a0714ca2a82.jpg, 0, 0, 1
mdb298_png.rf.6a0812399c49bf57e04c39d53a0513f1.jpg, 0, 1, 0
mdb211_png.rf.6852766dbfc43896af114ffb8b0535e5.jpg, 0, 0, 1
mdb160_png.rf.6a2cf822be3590c745b050049abee67c.jpg, 0, 1, 0
mdb125_png.rf.6b84bb490866199c8ff4b7f47fde9a7f.jpg, 1, 0, 0
mdb021_png.rf.6db7e651fb3786531cadb470563afff9.jpg, 0, 0, 1
mdb276_png.rf.6b25389fe38de8abf05e45c38e9b0ecf.jpg, 0, 0, 1
mdb073_png.rf.6bc228f7cf4b63b94215e5e076caea58.jpg, 0, 0, 1
mdb243_png.rf.6c3fcaeb44cc0f6f5683415a0c8a0d98.jpg, 1, 0, 0
mdb290_png.rf.6b699d1a805cd00dbd0bf81426820959.jpg, 1, 0, 0
mdb039_png.rf.6a4967c232adb043e8d7791707411775.jpg, 1, 0, 0
mdb039_png.rf.68b5bcb506b80d83662c86527b0b7745.jpg, 1, 0, 0
mdb288_png.rf.6dd04859e7861588a2a4847b208e5ab5.jpg, 1, 0, 0
mdb256_png.rf.6de4f385829326bfd64cfbfed767a6d7.jpg, 0, 1, 0
mdb081_png.rf.68cd83eb4ca3ffe0fba363e0793c6e51.jpg, 0, 0, 1
mdb318_png.rf.6daf8d854c57bac3434c6c48ac21bb7c.jpg, 1, 0, 0
mdb006_png.rf.6bb7293509e091359e50e3392ff5656e.jpg, 0, 1, 0
mdb099_png.rf.6e3fd0aa6e3bc84084631fd3dc7e4642.jpg, 1, 0, 0
mdb302_png.rf.68e0f4d0524b40ea7df8254ef59bd090.jpg, 0, 1, 0
mdb300_png.rf.6edba2c0b80ab43804b508b61b72abf6.jpg, 0, 1, 0
mdb291_png.rf.6f392663d428e4b7fdc88b5e9103d98e.jpg, 0, 0, 1
mdb173_png.rf.6f87087cfa90b0df12e885e2c60e037b.jpg, 0, 1, 0
mdb155_png.rf.6e1c68439758297099136b4cea6903c6.jpg, 0, 1, 0
mdb161_png.rf.6e59e1e98bf1ebafaab2ad8aca083329.jpg, 1, 0, 0
mdb063_png.rf.6c9cfcf1054d8dab52f76a5613577b0b.jpg, 1, 0, 0
mdb255_png.rf.7136f5905428cd1d84abd331fabd098e.jpg, 0, 1, 0
mdb070_png.rf.7195a24d2a00ed23164d7b74cb1dd6d5.jpg, 0, 1, 0
mdb072_png.rf.6fc42b732e1bd2d5fece6d7c1557f3e8.jpg, 0, 0, 1
mdb176_png.rf.757151500798d98699191d0256cecc08.jpg, 0, 0, 1
mdb002_png.rf.732a1ab9eaf460410787160eca42da0f.jpg, 0, 0, 1
mdb252_png.rf.7039a0e0e88d89ae727c31933a8082cf.jpg, 0, 1, 0
mdb192_png.rf.73dc1622cbbc7a6fb60391e8e90b018f.jpg, 0, 0, 1
mdb280_png.rf.7429de14241273a1c8e057d3e72c52c4.jpg, 0, 0, 1
mdb321_png.rf.75d6575400219eef57f41ab16e015627.jpg, 1, 0, 0
mdb019_png.rf.75acc06d5dfe86af30973bef83e1d220.jpg, 0, 0, 1
mdb273_png.rf.73ab20c07c8b29a2d48df1f50ea77f8d.jpg, 0, 1, 0
mdb321_png.rf.7404221da387b0b3a36c70ce05ff6c9b.jpg, 1, 0, 0
mdb109_png.rf.721788260072045e35717c5e28f6fa3a.jpg, 1, 0, 0
mdb080_png.rf.737caba311f3d70814a3bc7a201fab48.jpg, 0, 1, 0
mdb092_png.rf.744115bc699a28ac3b0c0b7ec44451cb.jpg, 0, 1, 0
mdb001_png.rf.75e4ba5020bd45475154b7c92bb4d90a.jpg, 0, 0, 1
mdb014_png.rf.6fcf2a234b9249eba47b0ed6c4a1a6ec.jpg, 0, 0, 1
mdb164_png.rf.721156b95c51c0f71f20165355c07a05.jpg, 1, 0, 0
mdb183_png.rf.7659a8feb6c20e98d2f49a22e4074946.jpg, 0, 1, 0
mdb053_png.rf.73385e4450feb200c095ea1962c4ef6e.jpg, 1, 0, 0
mdb017_png.rf.73f5a6193a49dc0dfa210e2918ecc866.jpg, 0, 0, 1
mdb153_png.rf.75ab4cd0e48834a20164c0e9963059e5.jpg, 0, 1, 0
mdb033_png.rf.74b5d2d096e62a41088519d5b9f416c7.jpg, 1, 0, 0
mdb206_png.rf.7735b35a7048f1da1abb75e7dbc1cd9e.jpg, 0, 1, 0
mdb161_png.rf.724c3b82296a4dbc016f8fe8b3cc1f1a.jpg, 1, 0, 0
mdb035_png.rf.78cd3ace4cd3e8a41e0d2fb6e32c8f7a.jpg, 1, 0, 0
mdb290_png.rf.78342c0c483b96c75935561d2353ffdb.jpg, 1, 0, 0
mdb265_png.rf.78f329c1f3f21c7dad4790cf0d583ad7.jpg, 0, 0, 1
mdb082_png.rf.78db6b9019302988b1db445996c17122.jpg, 0, 0, 1
mdb183_png.rf.7a127dd98b18c61f08bf76f93d661623.jpg, 0, 1, 0
mdb196_png.rf.79ec511a00d7454bef05eb17d94dce3c.jpg, 0, 1, 0
mdb295_png.rf.7a256d2368684d3b3bfdcfd65c0c205f.jpg, 1, 0, 0
mdb237_png.rf.7c0159f1b78215f1cc5885cc9b1bb2a4.jpg, 0, 1, 0
mdb162_png.rf.7d85bb825258f6b686a6c0c8062175bb.jpg, 1, 0, 0
mdb090_png.rf.7de06d59848e729452a54c5466753e75.jpg, 0, 0, 1
mdb159_png.rf.7bffbafcd2a7557b352f47d9224e8915.jpg, 0, 1, 0
mdb011_png.rf.7eacc2d908634f55a10c3b94d9a62ee8.jpg, 0, 1, 0
mdb311_png.rf.7e47c925fb1ed95be90aa85e247cf359.jpg, 0, 1, 0
mdb160_png.rf.7bbc64bc431c3405439b3b1a70cb606a.jpg, 0, 1, 0
mdb190_png.rf.7bce9ef685e56862662df81d0a8ea8f3.jpg, 0, 0, 1
mdb269_png.rf.7df3ad54c21fc52519d2d484b67ee2ca.jpg, 0, 0, 1
mdb259_png.rf.7b1061e34097ff4b8251e4e5048eb518.jpg, 1, 0, 0
mdb282_png.rf.7cdc087f95d801f8385213d25d1e9d15.jpg, 1, 0, 0
mdb119_png.rf.7e7039eefefb4eaf4b705ca08c7d01a3.jpg, 0, 0, 1
mdb068_png.rf.7f1ac59239a063cde6f754400d7292fc.jpg, 1, 0, 0
mdb075_png.rf.7ff2af54262360daa926f91e3acf591f.jpg, 0, 1, 0
mdb114_png.rf.7f35c92937d83c6b7884e510fd4465d5.jpg, 0, 0, 1
mdb287_png.rf.7fffdcb3fc7335dbefc0bce55aad8f3c.jpg, 1, 0, 0
mdb312_png.rf.7aa0b27372e24790b8d10b0c79925301.jpg, 0, 1, 0
mdb206_png.rf.7cfdd8ba9587f7285fab7117c2f89347.jpg, 0, 1, 0
mdb143_png.rf.7ecc0ddacff66342fce49b2d91e5c6f6.jpg, 0, 1, 0
mdb320_png.rf.8037037b1bfcf38a09c1e8ab9d122fc2.jpg, 1, 0, 0
mdb106_png.rf.7fc3272c651458ba8bb5274fc0d9fd2f.jpg, 1, 0, 0
mdb100_png.rf.8056fdfd9ee5a970a39c7043ce55d4fe.jpg, 1, 0, 0
mdb293_png.rf.827587caa4a8cf2676f228f1eb3aea3f.jpg, 0, 1, 0
mdb170_png.rf.810b2754146061d67e2139ab8129eb4d.jpg, 1, 0, 0
mdb078_png.rf.83328678ac4e40c4c36913f091330ff8.jpg, 0, 1, 0
mdb253_png.rf.864e1061c326fd9e551831008493db32.jpg, 1, 0, 0
mdb156_png.rf.823872c76608bde52cc46cbdcf10a99b.jpg, 0, 1, 0
mdb006_png.rf.83a9350545368ce00602b7647efabf85.jpg, 0, 1, 0
mdb071_png.rf.833b1555e48504da292004e5914a4497.jpg, 0, 0, 1
mdb119_png.rf.8066ea17cadd929b667d6a3dfda2b627.jpg, 0, 0, 1
mdb276_png.rf.8271990565847db31a3dc608300731eb.jpg, 0, 0, 1
mdb043_png.rf.8642d457bf90169bb58991f30bef1a8f.jpg, 0, 0, 1
mdb142_png.rf.86367d47d1984e28c43751d99ed564cf.jpg, 0, 1, 0
mdb013_png.rf.869fcf1414be4b65f20f660b661d48ee.jpg, 0, 0, 1
mdb237_png.rf.83fcc8c4432516ad0c8e1aca3858ea93.jpg, 0, 1, 0
mdb287_png.rf.86a9a3f96a83dc03f99fbc9a6809435b.jpg, 1, 0, 0
mdb315_png.rf.81b9df2405bbe015f5f3cc389ccea444.jpg, 1, 0, 0
mdb305_png.rf.83f3528e4a74aa57bbaa996f8926cb6c.jpg, 0, 1, 0
mdb008_png.rf.816ff5f3501f725d379105d9f9df2d1c.jpg, 0, 0, 1
mdb098_png.rf.8392a061553d37b02622c2bf869c69bf.jpg, 0, 1, 0
mdb009_png.rf.806b6348a13591542af0aeaceb24c355.jpg, 0, 1, 0
mdb215_png.rf.86b27bf970102fe971af7011ff6377bb.jpg, 1, 0, 0
mdb198_png.rf.82b03620322d1d99e0226ff2de6266cf.jpg, 1, 0, 0
mdb186_png.rf.87010bccfd6affb014b825cd16c84841.jpg, 0, 0, 1
mdb291_png.rf.87d9f1b46fe34f2eee342b13cd1d9ffb.jpg, 0, 0, 1
mdb123_png.rf.852bda394687a5b86825c3247edd34a5.jpg, 0, 0, 1
mdb306_png.rf.90313455eb504ffc492b75dc5f64bbb1.jpg, 0, 1, 0
mdb167_png.rf.868fc8cb7db1872f0b1fe2bdf9a5ede3.jpg, 0, 1, 0
mdb200_png.rf.8e6711b5614a68346cfcfdcdc9d8cf7b.jpg, 1, 0, 0
mdb208_png.rf.8c1ecff26b5563b374d22cc534914615.jpg, 1, 0, 0
mdb085_png.rf.87da585a43f69d9726a17726e67ba0b3.jpg, 0, 0, 1
mdb236_png.rf.8988a51172ae0d6f7d64a4894092e1c5.jpg, 1, 0, 0
mdb294_png.rf.8e5e2f2504a1df7d978298e2fbaac99d.jpg, 0, 1, 0
mdb269_png.rf.8713e2c59e37d0ea498fdaf28268c63c.jpg, 0, 0, 1
mdb306_png.rf.8a04af4efcf8600f06a25468b729085e.jpg, 0, 1, 0
mdb114_png.rf.9086e865d4991a4197fa11600fcd6fa7.jpg, 0, 0, 1
mdb063_png.rf.8745dcb978764946f073a576265aff74.jpg, 1, 0, 0
mdb171_png.rf.8ca46a8f901a5a5c77c2c1ad43399c9a.jpg, 1, 0, 0
mdb279_png.rf.8c5e31390e318059a68b279df93c1c30.jpg, 0, 0, 1
mdb262_png.rf.914d5b1393effbd386bed5254bf8b105.jpg, 1, 0, 0
mdb217_png.rf.8b3bf5be0e568bcc8e0fe951b7ab8451.jpg, 0, 0, 1
mdb190_png.rf.9099402a2610ec5ca27235a4036d2e91.jpg, 0, 0, 1
mdb284_png.rf.87c6845f4781a21ac66616bbb33305a0.jpg, 1, 0, 0
mdb130_png.rf.8bea45b7d3003ba3fb4dc426e400b93c.jpg, 1, 0, 0
mdb226_png.rf.8703dbc537ee016a3c973128ee276202.jpg, 1, 0, 0
mdb195_png.rf.91fe22d985a4936b4cf2acb3b5048b29.jpg, 0, 1, 0
mdb149_png.rf.8757d8dbbe20e7c64d5e027e8b866f7a.jpg, 0, 1, 0
mdb298_png.rf.97b304b1b8c97bc54453bf2b93c2a7db.jpg, 0, 1, 0
mdb082_png.rf.8aba6c5a6e01ff8fbf5531e9a2ed7196.jpg, 0, 0, 1
mdb186_png.rf.96b27bfef8670b1d9e76cea21d117470.jpg, 0, 0, 1
mdb242_png.rf.93582d951b6628c79f44ee2fe06dfdcf.jpg, 1, 0, 0
mdb081_png.rf.942d5d6866b9a1ae9ffaa496354f6210.jpg, 0, 0, 1
mdb199_png.rf.8954dab78d7f9a0781aa85eabb10660f.jpg, 1, 0, 0
mdb033_png.rf.961e60b11701cab727c2aee440e4520a.jpg, 1, 0, 0
mdb192_png.rf.92f178bf1c03a437d592c0e23bfac18a.jpg, 0, 0, 1
mdb199_png.rf.9451967cd63f94cb3f724e4c641a6930.jpg, 1, 0, 0
mdb023_png.rf.96e4ab54c088a79079244d7ae4a92c87.jpg, 0, 0, 1
mdb109_png.rf.9533a7aaa5930c830fd14a8535d14948.jpg, 1, 0, 0
mdb237_png.rf.9849ff915f5ed760935f96400cc25b63.jpg, 0, 1, 0
mdb049_png.rf.96b838668b435a0648ec290bef477baa.jpg, 0, 0, 1
mdb166_png.rf.982cfeb006c235d57d1206d3dae16a40.jpg, 1, 0, 0
mdb302_png.rf.99f4b419036e8aa07e5d1cf3e86d725c.jpg, 0, 1, 0
mdb046_png.rf.983901c24ebf57632c5e3e367bc387db.jpg, 0, 0, 1
mdb246_png.rf.987f8e8110be789b84d1c154ea8df07f.jpg, 0, 1, 0
mdb208_png.rf.936fe2ed2e3419c66ee1e84bf54a9b9d.jpg, 1, 0, 0
mdb159_png.rf.9b54818397a4fdd7296cc80217f994ca.jpg, 0, 1, 0
mdb046_png.rf.9a7315f0116e8f0c41260d821ff4974c.jpg, 0, 0, 1
mdb135_png.rf.92a6f2033a1e6f72884229444990138c.jpg, 0, 1, 0
mdb075_png.rf.9c59ef9135368390dde1267cdf4f5a04.jpg, 0, 1, 0
mdb172_png.rf.9d6a350fc4460364d7935b3391cd62c6.jpg, 1, 0, 0
mdb177_png.rf.9c025439b58a00886416c5e0cc8c5ff2.jpg, 0, 0, 1
mdb320_png.rf.9ea9a800ff5bad5de93c8c5012f37079.jpg, 1, 0, 0
mdb010_png.rf.9d8024a2aeadc5458d6124f4f9390366.jpg, 0, 1, 0
mdb307_png.rf.9e19a57add7a19812f5827fcd48b57c5.jpg, 0, 1, 0
mdb219_png.rf.9a84ebdc02a32dc966b7d01a6ccf9eb9.jpg, 0, 0, 1
mdb298_png.rf.9c714f89c06604c3747201393641ada4.jpg, 0, 1, 0
mdb070_png.rf.a231bcebca4d9b8fb251ea8c4b8af1f5.jpg, 0, 1, 0
mdb194_png.rf.9a23c4dada286d2260a048fb5896c134.jpg, 1, 0, 0
mdb288_png.rf.a2883f780ae873b749caf7ca391cef89.jpg, 1, 0, 0
mdb318_png.rf.a112e6665dae40662e37fcd3fcd5bb46.jpg, 1, 0, 0
mdb263_png.rf.9ad56d2fb354e62e935ce56b3486fa46.jpg, 0, 0, 1
mdb074_png.rf.9e503811b0c85b4d363cb973b48df4f2.jpg, 0, 0, 1
mdb217_png.rf.a0744c7f69e34986024c2227a70104d8.jpg, 0, 0, 1
mdb230_png.rf.9ffc398a5b5c5d496b095aa8ac15a0b3.jpg, 0, 1, 0
mdb289_png.rf.a1266ac55989c43a3947526f4276e0bb.jpg, 1, 0, 0
mdb023_png.rf.9eabd2f208f872279e45660bf85c109d.jpg, 0, 0, 1
mdb018_png.rf.a142adde6bb2241c256dacca080f876a.jpg, 0, 0, 1
mdb107_png.rf.9f78975df4683f0862f142772f532639.jpg, 1, 0, 0
mdb314_png.rf.a2babed883224beef69078f2d37a3bc3.jpg, 0, 1, 0
mdb038_png.rf.a436f190e2c35ba0300dbd91448b1f50.jpg, 1, 0, 0
mdb004_png.rf.a3947be921ff594b91faebe76b3d8a31.jpg, 1, 0, 0
mdb067_png.rf.a6caf7e82ce38f23236500940f6962fe.jpg, 1, 0, 0
mdb135_png.rf.a77867f9b6cad88a52589b0924fb6fc9.jpg, 0, 1, 0
mdb065_png.rf.a47d998738f4611861931416af4d550c.jpg, 1, 0, 0
mdb223_png.rf.a41bf3de82ba18393f7415494e406866.jpg, 1, 0, 0
mdb035_png.rf.a8f07227ce571373c887bc8b355de31f.jpg, 1, 0, 0
mdb029_png.rf.a65fcf3323731bf8f5280d2a22cd4324.jpg, 0, 0, 1
mdb252_png.rf.a690bcb3fd63e50b69b5e53e2397dba6.jpg, 0, 1, 0
mdb169_png.rf.a765446309c9126eb7b371b3afac00e4.jpg, 1, 0, 0
mdb071_png.rf.a3d322d462846eae623500cad1853ff6.jpg, 0, 0, 1
mdb142_png.rf.a40d3a41ab3d226477a30f962f9bd207.jpg, 0, 1, 0
mdb165_png.rf.ac272bc63ddffc502557b6eb39888581.jpg, 1, 0, 0
mdb149_png.rf.99a90841b77b613bc643247e4c968745.jpg, 0, 1, 0
mdb132_png.rf.a5dea70293f078b118489eba7ea15d83.jpg, 0, 1, 0
mdb041_png.rf.a8caa8a470b6f136d6923bda28795ed2.jpg, 0, 0, 1
mdb172_png.rf.a9b68accb248a8bd7c743b2e6e04e020.jpg, 1, 0, 0
mdb071_png.rf.ab58ce148f60845c0ae00cb0c59d8039.jpg, 0, 0, 1
mdb041_png.rf.a98594f172e62d4e58e339808bb3a05c.jpg, 0, 0, 1
mdb055_png.rf.9eb61eb23aecb618730ed72771ebd107.jpg, 0, 0, 1
mdb196_png.rf.abe7457f6a9b03efd483d516a2b6be4b.jpg, 0, 1, 0
mdb134_png.rf.acfa8db8e34f776bbeebc690d31c8832.jpg, 0, 1, 0
mdb287_png.rf.ac6a342a7eafa3fae5e1a7a4e6977cab.jpg, 1, 0, 0
mdb132_png.rf.acdd6fe4d967ba6104b3fe372b15e258.jpg, 0, 1, 0
mdb271_png.rf.ac4fc477b72bea536e83dda131b60f82.jpg, 0, 1, 0
mdb116_png.rf.aa98672cf601a040c0eea1783bd4d0f4.jpg, 0, 0, 1
mdb162_png.rf.ad58d789589f58556d44a1333d8d1dfc.jpg, 1, 0, 0
mdb306_png.rf.aa9b1324a6c181d9c08cfb089d05e07d.jpg, 0, 1, 0
mdb200_png.rf.aba925af0c8e323afb54196075babb53.jpg, 1, 0, 0